"id_1","id_2","cmp_fname_c1","cmp_fname_c2","cmp_lname_c1","cmp_lname_c2","cmp_sex","cmp_bd","cmp_bm","cmp_by","cmp_plz","is_match"
37291,53113,0.833333333333333,?,1,?,1,1,1,1,0,TRUE
39086,47614,1,?,1,?,1,1,1,1,1,TRUE
70031,70237,1,?,1,?,1,1,1,1,1,TRUE
84795,97439,1,?,1,?,1,1,1,1,1,TRUE
36950,42116,1,?,1,1,1,1,1,1,1,TRUE
42413,48491,1,?,1,?,1,1,1,1,1,TRUE
25965,64753,1,?,1,?,1,1,1,1,1,TRUE
49451,90407,1,?,1,?,1,1,1,1,0,TRUE
39932,40902,1,?,1,?,1,1,1,1,1,TRUE
46626,47940,1,?,1,?,1,1,1,1,1,TRUE
48948,98379,1,?,1,?,1,1,1,1,1,TRUE
4767,4826,1,?,1,?,1,1,1,1,1,TRUE
45463,69659,1,?,1,?,1,1,1,1,1,TRUE
11367,13169,1,?,1,?,1,1,1,1,1,TRUE
10782,89636,1,?,1,?,1,0,1,1,1,TRUE
26206,39147,1,?,1,?,1,1,1,1,1,TRUE
16662,27083,1,1,1,?,1,1,1,1,1,TRUE
18823,30204,1,1,1,?,1,1,1,1,1,TRUE
38545,85418,1,?,1,?,1,1,1,1,1,TRUE
28963,39172,1,?,1,?,1,1,1,1,1,TRUE
38918,44578,1,?,1,?,1,1,1,1,1,TRUE
23499,40452,1,?,1,?,1,1,1,1,1,TRUE
46469,94155,1,?,1,?,1,1,1,1,1,TRUE
25816,29809,1,?,1,?,1,1,1,1,1,TRUE
28777,39482,1,?,1,?,1,1,1,1,1,TRUE
18914,18916,1,?,1,?,1,1,1,1,1,TRUE
15105,16971,1,?,1,?,1,1,1,1,1,TRUE
75313,76006,1,?,1,?,1,1,1,1,1,TRUE
29624,90371,1,1,1,?,1,1,1,1,1,TRUE
30127,30732,1,?,1,?,1,1,1,1,1,TRUE
3791,61656,1,?,1,?,1,1,1,1,1,TRUE
89734,89736,1,?,1,?,1,1,1,1,1,TRUE
42161,44157,1,?,1,?,1,1,1,1,1,TRUE
94601,94602,1,1,1,?,1,1,1,1,1,TRUE
14532,75581,0.888888888888889,?,1,?,0,1,1,1,?,TRUE
34195,35649,1,1,1,?,1,1,1,1,1,TRUE
13862,99105,1,?,1,?,1,1,1,1,1,TRUE
68990,68991,1,1,1,?,1,1,1,1,1,TRUE
36430,47306,1,?,1,?,1,1,1,1,1,TRUE
20417,87185,1,?,1,?,1,1,1,1,1,TRUE
27458,33456,1,?,1,?,1,1,1,1,1,TRUE
53806,57851,1,?,1,?,1,1,1,1,1,TRUE
30216,69283,1,?,1,?,1,1,1,1,0,TRUE
7275,8294,1,?,1,?,1,1,1,1,1,TRUE
15821,16913,1,?,1,?,1,1,1,1,1,TRUE
31625,38784,1,?,1,?,1,1,1,1,1,TRUE
17146,40456,1,?,1,?,1,1,1,1,1,TRUE
90142,90144,1,?,1,?,1,1,1,1,1,TRUE
16615,29839,1,?,1,?,1,1,1,1,1,TRUE
16628,22975,1,?,1,?,1,1,1,1,1,TRUE
13297,84993,1,?,1,?,1,1,1,1,1,TRUE
44473,44474,1,?,1,?,1,1,1,1,1,TRUE
26756,61838,1,?,1,?,1,1,1,1,1,TRUE
60032,65967,1,?,1,?,1,1,1,1,1,TRUE
84808,84810,1,?,1,?,1,1,1,1,1,TRUE
19845,41058,1,?,1,?,1,1,1,1,1,TRUE
5947,72075,1,?,1,?,1,1,1,1,1,TRUE
18313,24363,1,?,1,?,1,1,1,1,1,TRUE
17676,44054,1,?,1,?,1,1,1,1,1,TRUE
10784,14152,1,?,1,?,1,1,1,1,1,TRUE
10996,72815,0.25,?,0.25,?,1,1,1,1,1,TRUE
43920,72193,1,?,1,?,1,1,1,1,1,TRUE
28464,69899,1,?,1,?,1,1,1,1,1,TRUE
25306,28302,1,?,1,?,1,1,1,1,1,TRUE
13260,34548,1,?,1,?,1,1,1,1,1,TRUE
83862,85842,1,?,1,?,1,1,1,1,1,TRUE
19563,30319,1,?,1,?,1,1,1,1,1,TRUE
41967,83896,0.875,?,1,?,1,1,1,1,1,TRUE
1763,64724,1,?,1,?,1,1,1,1,1,TRUE
38604,44034,1,1,1,?,1,1,1,1,1,TRUE
43214,48853,1,?,1,?,1,1,1,1,1,TRUE
48021,95459,1,?,1,?,1,1,1,1,1,TRUE
3751,3752,1,?,1,?,1,1,1,1,1,TRUE
11585,11972,1,?,1,?,1,1,1,1,1,TRUE
1857,1884,1,?,1,?,1,1,1,1,1,TRUE
38118,59788,1,?,1,?,1,1,1,1,1,TRUE
17431,20446,1,?,1,?,1,1,1,1,1,TRUE
33395,49625,1,?,1,?,1,1,1,1,1,TRUE
27885,32872,1,?,1,?,1,1,1,1,1,TRUE
29875,42368,1,?,1,?,1,1,1,1,1,TRUE
23243,76268,1,?,1,?,1,1,1,1,1,TRUE
48837,63106,1,1,1,?,1,1,1,1,1,TRUE
35400,43913,1,?,1,?,1,1,1,1,1,TRUE
2702,5962,1,?,1,?,0,1,1,1,1,TRUE
35709,43859,1,?,1,1,1,1,1,1,1,TRUE
9885,86926,1,1,1,?,1,1,1,1,1,TRUE
4375,61891,1,?,1,?,1,1,1,1,1,TRUE
35701,84881,1,?,1,?,1,1,1,1,1,TRUE
27907,41092,1,?,1,?,1,1,1,1,1,TRUE
48106,72933,1,?,1,?,1,0,0,1,1,TRUE
34697,41334,1,?,1,?,1,1,1,1,1,TRUE
76874,79017,1,?,1,?,1,1,1,1,1,TRUE
35670,48804,1,?,1,?,1,1,1,1,1,TRUE
69439,69448,1,?,1,?,1,1,1,1,1,TRUE
45793,94527,1,?,1,?,1,1,1,1,1,TRUE
31899,37198,1,?,1,?,1,1,1,1,1,TRUE
46074,58332,1,?,1,?,1,1,1,1,1,TRUE
96438,96451,1,?,1,?,1,1,1,1,1,TRUE
17247,26452,1,?,1,?,1,1,1,1,1,TRUE
17690,22832,1,?,1,?,1,1,1,1,1,TRUE
36098,52230,1,?,1,?,1,1,1,1,0,TRUE
21325,59892,1,?,1,?,1,1,1,1,1,TRUE
42976,66077,1,?,1,?,1,1,1,1,0,TRUE
5237,70862,1,?,1,?,1,1,1,1,1,TRUE
16472,64283,1,?,1,?,1,1,1,1,1,TRUE
26353,48169,1,?,1,?,1,1,1,1,1,TRUE
44394,88861,1,?,1,?,1,1,1,1,1,TRUE
41154,54204,1,?,1,?,1,1,1,1,1,TRUE
25738,34891,1,?,1,?,1,1,1,1,1,TRUE
30066,31819,1,?,1,?,1,1,1,1,1,TRUE
40080,93119,1,?,1,?,1,1,1,1,1,TRUE
30242,41430,1,?,1,?,1,1,1,1,1,TRUE
14820,41337,1,?,1,?,1,1,1,1,1,TRUE
29446,43844,1,?,1,?,1,1,1,1,1,TRUE
1806,1841,1,?,1,?,1,1,1,1,1,TRUE
49842,49901,1,?,1,?,1,1,1,1,1,TRUE
34563,44884,1,?,1,?,1,1,1,1,1,TRUE
33375,36820,1,?,1,?,1,1,1,1,1,TRUE
15516,59867,1,?,1,?,1,1,1,1,1,TRUE
7182,7464,1,?,1,?,1,1,1,1,1,TRUE
21362,31859,1,?,1,?,1,1,1,1,1,TRUE
73204,79717,1,?,1,?,1,1,1,1,1,TRUE
9675,12966,1,?,1,?,1,1,1,1,1,TRUE
95061,95062,1,?,1,?,1,1,1,1,1,TRUE
22181,93515,1,?,1,?,1,1,1,1,1,TRUE
54522,57955,1,?,1,?,1,1,1,1,1,TRUE
60061,69354,1,?,1,?,1,1,1,1,1,TRUE
53795,60343,1,?,1,?,1,1,1,1,1,TRUE
36671,78410,1,?,1,?,1,1,1,1,0,TRUE
8709,86907,1,?,1,?,1,1,1,1,1,TRUE
22914,27526,1,?,1,?,1,1,1,1,1,TRUE
43915,63663,1,?,1,?,1,1,1,1,0,TRUE
23841,47307,1,?,1,?,1,1,1,1,1,TRUE
43371,88853,1,?,1,?,1,1,1,1,1,TRUE
95169,96851,1,?,1,?,1,1,1,1,1,TRUE
34902,36439,1,?,1,?,1,1,1,1,1,TRUE
18578,42842,1,?,1,?,1,1,1,1,1,TRUE
32467,46952,1,?,1,?,1,1,1,1,1,TRUE
5591,12689,1,?,1,?,1,1,1,1,1,TRUE
16899,39730,1,?,1,?,1,1,1,1,1,TRUE
29154,37137,1,?,1,1,1,1,1,1,1,TRUE
46608,72200,1,?,1,?,1,1,1,1,1,TRUE
36769,66551,1,?,1,?,1,1,1,1,1,TRUE
70036,70105,1,?,1,?,1,1,1,1,1,TRUE
33837,65099,1,?,1,?,1,1,1,1,1,TRUE
20670,31856,1,?,1,?,1,1,1,1,1,TRUE
61649,61650,1,?,1,?,1,1,1,1,1,TRUE
37668,54114,1,?,1,?,1,1,1,1,1,TRUE
17101,28010,1,?,1,?,1,1,1,1,1,TRUE
30032,40979,1,1,1,?,1,1,1,1,1,TRUE
40652,81009,1,?,1,?,1,1,1,1,1,TRUE
34391,45453,1,?,1,?,1,1,1,1,1,TRUE
36276,80445,1,?,1,?,1,1,1,1,1,TRUE
2935,66776,1,?,1,?,1,1,1,1,1,TRUE
58410,62593,1,?,1,1,1,1,1,1,1,TRUE
74914,83540,1,?,1,1,1,1,1,1,1,TRUE
29970,33037,1,?,1,?,1,1,1,1,1,TRUE
12259,27752,1,?,1,?,1,1,1,1,1,TRUE
25011,48687,1,?,1,?,1,1,1,1,1,TRUE
16366,18740,1,?,1,?,1,1,1,1,1,TRUE
39219,48188,1,?,1,?,1,1,1,1,1,TRUE
36582,36583,1,?,1,?,1,1,1,1,1,TRUE
2429,7016,1,?,1,?,1,1,1,1,1,TRUE
16483,44045,1,?,1,?,1,1,1,1,1,TRUE
19420,24675,1,?,1,?,1,1,1,1,1,TRUE
38035,46626,1,?,1,?,0,1,1,1,1,TRUE
44992,98411,1,?,1,?,0,1,1,1,1,TRUE
19399,55603,1,?,1,?,1,1,1,1,1,TRUE
23675,47325,1,?,1,?,1,1,1,1,1,TRUE
55746,66041,1,?,1,?,1,1,1,1,0,TRUE
24347,98319,1,?,1,?,1,1,1,1,1,TRUE
17876,39365,1,?,1,?,1,1,1,1,1,TRUE
19139,57328,1,?,1,?,1,1,1,1,1,TRUE
16714,28977,1,?,1,?,1,1,1,1,1,TRUE
64640,64663,1,?,1,?,1,1,1,1,1,TRUE
50519,88880,1,?,1,1,1,1,1,1,1,TRUE
26586,55632,1,?,1,?,1,1,1,1,1,TRUE
20519,48517,1,?,1,?,1,1,1,1,1,TRUE
57469,57493,1,?,1,?,1,1,1,1,1,TRUE
86982,92793,1,?,1,?,1,1,1,1,1,TRUE
28178,30983,1,?,1,?,1,1,1,0,1,TRUE
23803,64324,1,?,1,?,1,1,1,1,1,TRUE
35260,47619,1,?,1,?,1,1,1,1,1,TRUE
5387,6224,1,?,1,?,1,1,1,1,1,TRUE
25949,60398,1,?,1,?,1,1,1,1,1,TRUE
20226,23314,1,?,1,?,1,1,1,1,1,TRUE
602,11685,1,?,1,?,1,1,1,1,1,TRUE
92058,92060,1,?,1,?,1,1,1,1,1,TRUE
16849,16850,1,?,1,?,1,1,1,1,1,TRUE
26306,27069,1,?,1,?,1,1,1,1,1,TRUE
26391,34318,1,?,1,?,1,1,1,1,1,TRUE
63818,63819,1,?,1,?,1,1,1,1,1,TRUE
43247,43425,1,?,1,?,1,1,1,1,1,TRUE
28198,29133,1,?,1,?,1,1,1,1,1,TRUE
20791,53616,1,?,1,?,1,1,1,1,1,TRUE
29686,46077,1,?,1,?,1,1,1,1,1,TRUE
46999,47898,1,?,1,?,1,1,1,1,1,TRUE
33350,37708,1,?,1,?,1,1,1,1,1,TRUE
45998,48186,1,?,1,?,1,1,1,1,1,TRUE
20237,22805,0.8,?,1,?,1,1,1,1,1,TRUE
34622,38557,1,?,1,?,1,1,1,1,1,TRUE
11949,90217,1,?,1,?,1,1,1,1,1,TRUE
44820,45170,1,?,1,?,1,1,1,1,1,TRUE
53407,72438,1,?,1,?,1,1,1,1,1,TRUE
97906,97908,1,?,1,?,1,1,1,1,1,TRUE
43712,47848,1,?,1,?,1,1,1,1,1,TRUE
27383,56085,1,?,1,?,1,1,1,1,0,TRUE
43121,87888,1,1,1,?,1,1,1,1,1,TRUE
36148,83788,1,?,1,?,1,1,1,1,1,TRUE
79145,79512,1,1,1,?,1,1,1,1,1,TRUE
19979,54219,1,?,1,?,1,1,1,1,1,TRUE
19437,21685,1,?,1,?,1,1,1,1,1,TRUE
5232,9096,1,?,1,?,1,1,1,1,1,TRUE
27388,32254,1,?,1,?,1,1,1,1,1,TRUE
23021,27965,1,?,1,?,1,1,1,1,1,TRUE
48394,94700,1,1,1,?,1,1,1,1,1,TRUE
41619,55165,1,?,1,?,0,1,1,1,1,TRUE
22505,25630,1,?,1,?,1,1,1,1,1,TRUE
52735,52736,1,?,1,?,1,1,1,1,1,TRUE
37069,50644,1,?,1,?,1,1,1,1,0,TRUE
68894,68895,1,?,1,?,1,1,1,1,1,TRUE
42179,49006,1,?,1,?,1,1,1,1,1,TRUE
63967,69198,1,?,1,?,1,1,1,1,1,TRUE
32288,60704,1,?,1,?,1,1,1,1,1,TRUE
24968,27220,1,?,1,?,1,1,1,1,1,TRUE
39419,70320,1,1,1,?,1,1,1,1,1,TRUE
1910,1911,1,?,1,?,1,1,1,1,1,TRUE
11749,11750,1,?,1,?,1,1,1,1,1,TRUE
4526,4527,1,?,1,?,1,1,1,1,1,TRUE
25853,34935,1,?,1,?,1,1,1,1,1,TRUE
28308,29605,1,?,1,?,1,1,1,1,1,TRUE
23344,31571,1,?,1,?,1,1,1,1,1,TRUE
24794,32043,1,?,1,?,1,1,1,1,1,TRUE
31867,66588,1,?,1,?,1,1,1,1,1,TRUE
32396,76097,1,?,1,?,1,1,1,1,1,TRUE
32941,43719,1,?,1,?,1,1,1,1,1,TRUE
75103,98319,1,?,1,?,1,1,1,1,1,TRUE
31400,35079,1,?,1,?,1,1,1,1,1,TRUE
67564,70134,1,?,1,?,1,1,1,1,1,TRUE
40612,43953,1,?,1,?,1,1,1,1,1,TRUE
29855,31092,1,?,1,?,1,1,1,1,1,TRUE
52998,53931,0.888888888888889,?,1,?,1,1,1,1,1,TRUE
31299,64387,1,?,1,?,1,1,1,1,1,TRUE
16735,39325,1,?,1,?,1,1,1,1,1,TRUE
18368,23121,1,?,1,?,1,1,1,1,1,TRUE
21037,23421,1,?,1,?,1,1,1,1,1,TRUE
26111,32515,1,?,1,?,1,1,1,1,1,TRUE
54400,99470,1,?,1,?,1,1,1,1,1,TRUE
61454,86296,1,?,1,?,1,1,1,1,1,TRUE
13961,13962,1,?,1,?,1,1,1,1,1,TRUE
64540,98201,1,1,1,?,1,1,1,1,1,TRUE
3357,14253,1,?,1,?,1,1,1,1,1,TRUE
16063,30837,1,?,1,?,1,1,1,1,1,TRUE
68824,68825,1,?,1,?,1,1,1,1,1,TRUE
19651,24224,1,?,1,?,1,1,1,1,1,TRUE
26003,66696,1,?,1,?,1,1,1,1,1,TRUE
23150,23617,1,?,1,?,1,1,1,1,1,TRUE
37785,71137,1,?,1,?,1,1,1,1,1,TRUE
21590,23574,1,?,1,?,1,1,1,1,1,TRUE
5541,30805,1,?,1,?,1,1,1,1,1,TRUE
23777,39379,1,?,1,?,1,1,1,1,1,TRUE
46712,48895,1,?,1,?,1,1,1,1,1,TRUE
19489,24546,1,?,1,?,1,1,1,1,1,TRUE
20244,23112,1,?,1,?,1,1,1,1,1,TRUE
32487,61025,1,?,1,?,0,1,1,1,1,TRUE
38327,80814,1,?,1,?,1,1,1,1,1,TRUE
18284,21122,1,?,1,?,1,1,1,1,1,TRUE
20885,28431,1,1,1,?,1,1,1,1,1,TRUE
18557,51346,1,?,1,?,1,1,1,1,1,TRUE
25641,33507,1,?,1,?,1,1,1,1,1,TRUE
38284,43351,1,?,1,?,1,1,1,1,1,TRUE
42473,77470,1,?,1,?,1,1,1,1,1,TRUE
1443,50993,1,?,1,?,1,0,0,0,1,TRUE
23660,45960,1,?,1,?,1,1,1,1,1,TRUE
17470,27076,1,?,1,?,1,1,1,1,1,TRUE
3995,8136,0.8,?,1,?,1,1,1,1,1,TRUE
40022,41819,1,?,1,?,1,1,1,1,1,TRUE
41786,45527,1,?,1,?,1,1,1,1,1,TRUE
24498,24924,1,?,1,1,1,1,1,1,1,TRUE
25565,29549,1,?,1,?,1,1,1,1,1,TRUE
40715,40966,1,?,1,?,1,1,1,1,1,TRUE
11232,12689,1,?,1,?,1,1,1,1,1,TRUE
82435,82437,1,?,1,?,1,1,1,1,1,TRUE
17427,17681,1,?,1,?,1,1,1,1,1,TRUE
26224,29550,1,1,1,?,1,1,1,1,1,TRUE
1285,37362,1,?,1,?,1,1,0,1,1,TRUE
24000,27538,1,?,1,?,1,1,1,1,1,TRUE
29341,36402,1,?,1,?,1,1,1,1,1,TRUE
31942,62256,1,?,1,?,1,1,1,1,1,TRUE
92167,92169,1,?,1,?,1,1,1,1,1,TRUE
49729,92089,1,?,1,?,1,1,1,1,1,TRUE
50629,59769,1,?,1,?,1,1,1,1,1,TRUE
20569,53434,1,?,1,?,1,1,1,1,1,TRUE
21121,49540,1,?,1,?,1,1,1,1,1,TRUE
38858,90187,1,?,1,?,1,1,1,1,1,TRUE
44605,47245,1,?,1,?,1,1,1,1,1,TRUE
21990,22749,1,?,1,?,1,1,1,1,1,TRUE
22702,54006,1,?,1,?,1,1,1,1,1,TRUE
9738,90175,1,?,1,?,1,1,1,1,0,TRUE
186,289,1,?,0.9,?,1,1,1,1,1,TRUE
10357,11108,1,?,1,?,1,1,1,1,1,TRUE
23961,28388,1,?,1,?,1,1,1,1,1,TRUE
45851,47988,1,?,1,?,1,1,1,1,1,TRUE
90688,90689,1,?,1,?,1,1,1,1,1,TRUE
27794,32772,1,?,1,?,1,1,1,1,1,TRUE
22236,26621,1,?,1,?,1,1,1,1,1,TRUE
33996,42465,1,?,1,?,1,1,1,1,1,TRUE
17091,22115,1,?,1,?,1,1,1,1,1,TRUE
1897,36282,1,1,1,?,1,1,1,1,1,TRUE
50130,55615,1,?,1,?,1,1,1,1,1,TRUE
22713,48001,1,1,1,?,1,1,1,1,1,TRUE
22395,30474,1,1,1,?,1,1,1,1,1,TRUE
59566,61228,1,?,1,?,1,1,1,1,1,TRUE
25070,26532,1,?,1,?,1,1,1,1,1,TRUE
40707,47270,1,?,1,?,1,1,1,1,1,TRUE
62471,90737,1,?,1,?,1,1,1,1,1,TRUE
34769,46880,1,1,1,?,1,1,1,1,1,TRUE
76010,76150,1,?,1,?,1,1,1,1,1,TRUE
38158,49607,1,?,1,?,1,1,1,1,1,TRUE
30041,76138,1,?,1,?,1,1,1,1,1,TRUE
82153,82154,1,?,1,?,1,1,1,1,1,TRUE
29826,34707,1,?,1,?,1,1,1,1,1,TRUE
40294,66086,1,?,1,?,1,1,1,1,0,TRUE
32673,43931,1,?,1,?,1,1,1,1,1,TRUE
57061,57062,1,?,1,?,1,1,1,1,1,TRUE
19447,24533,1,?,1,?,1,1,1,1,1,TRUE
65692,74896,1,?,1,?,1,1,1,1,1,TRUE
17905,18706,1,?,1,?,1,1,1,1,1,TRUE
40300,72312,1,?,1,?,1,1,1,1,1,TRUE
53855,57443,1,1,1,?,1,1,1,1,1,TRUE
56272,56636,1,?,1,1,1,1,1,1,1,TRUE
35060,75119,1,?,1,?,1,1,1,1,1,TRUE
21456,28411,1,?,1,?,1,1,1,1,1,TRUE
7373,77467,1,?,1,?,1,1,1,1,1,TRUE
22595,50421,1,1,1,?,1,1,1,1,1,TRUE
21392,31364,1,?,1,?,1,1,1,1,1,TRUE
23696,26446,1,?,1,?,1,1,1,1,1,TRUE
39875,47054,1,?,1,?,1,1,1,1,1,TRUE
6502,10378,1,?,1,?,1,1,1,1,1,TRUE
24235,53126,0.875,?,1,?,1,1,1,1,0,TRUE
33076,37960,1,?,1,?,1,1,1,1,1,TRUE
71570,77788,1,?,1,?,1,1,1,1,1,TRUE
22397,64389,1,1,1,?,1,1,1,1,1,TRUE
35598,78035,1,?,1,?,1,1,1,1,1,TRUE
47315,48166,1,?,1,?,1,1,1,1,1,TRUE
90927,97474,1,?,1,?,1,1,1,1,1,TRUE
33488,39378,1,?,1,?,1,1,1,1,1,TRUE
20117,22423,1,?,1,?,1,1,1,1,1,TRUE
23073,36855,1,?,1,?,1,1,1,1,1,TRUE
15387,26208,1,?,1,?,1,1,1,1,1,TRUE
23775,59331,1,?,1,?,1,1,1,1,1,TRUE
9448,9450,1,?,1,?,1,1,1,1,1,TRUE
5449,35434,1,?,1,1,1,1,1,1,1,TRUE
32494,33617,1,?,1,?,1,1,1,1,1,TRUE
5599,99138,1,?,1,1,1,1,1,1,1,TRUE
22535,27083,1,1,1,?,1,1,1,1,1,TRUE
22079,28195,1,?,1,?,1,1,1,1,1,TRUE
24502,56085,1,?,1,?,1,1,1,1,0,TRUE
70554,95607,?,?,1,?,1,1,1,0,0,TRUE
24762,31256,1,?,1,?,1,1,1,1,1,TRUE
16269,60498,1,?,1,?,1,1,1,1,1,TRUE
39634,47956,1,?,1,?,1,1,1,1,1,TRUE
997,55903,1,?,1,?,1,1,1,1,1,TRUE
60384,60385,1,1,1,?,1,1,1,1,1,TRUE
10737,10738,1,?,1,?,1,1,1,1,1,TRUE
20672,29548,1,?,1,?,1,1,1,1,1,TRUE
17641,46042,1,?,1,?,1,1,1,1,0,TRUE
41967,85682,0.875,?,1,?,1,1,1,1,1,TRUE
25964,66481,1,?,1,?,1,1,1,1,1,TRUE
37257,70423,1,?,1,?,1,1,1,1,1,TRUE
27457,27458,1,?,1,?,1,1,1,1,1,TRUE
70517,75766,1,?,1,?,1,1,1,1,1,TRUE
10744,92906,1,?,1,?,1,1,1,1,1,TRUE
25282,44441,1,?,1,?,1,1,1,1,1,TRUE
16467,28735,1,?,1,?,1,1,1,1,1,TRUE
16088,23919,1,?,1,?,1,1,1,1,1,TRUE
2855,65169,1,?,1,?,1,1,1,1,1,TRUE
34355,63181,1,?,1,?,1,1,1,1,1,TRUE
35164,84066,1,?,1,?,1,1,1,1,1,TRUE
87785,89119,1,?,1,?,1,1,1,1,1,TRUE
22482,50106,1,1,1,?,1,1,1,1,1,TRUE
38482,74742,1,?,1,?,1,1,1,1,1,TRUE
24414,46042,1,?,1,?,1,1,1,1,0,TRUE
18423,21547,1,?,1,?,1,1,1,1,1,TRUE
39933,42741,1,?,1,?,1,1,1,1,1,TRUE
14962,14965,1,?,1,?,1,1,1,1,1,TRUE
4914,59133,1,?,1,?,1,1,1,1,1,TRUE
14586,87818,1,?,1,?,1,1,1,1,1,TRUE
17182,33452,1,?,1,?,1,1,1,1,1,TRUE
90697,90698,1,1,1,?,1,1,1,1,1,TRUE
2481,2482,1,?,1,?,1,1,1,1,1,TRUE
38173,75342,1,?,1,?,1,1,1,1,1,TRUE
39326,48511,1,?,1,?,1,1,1,1,1,TRUE
855,1051,1,?,1,?,1,1,1,1,1,TRUE
74534,74535,1,?,1,?,1,1,1,1,1,TRUE
36010,76798,1,?,1,?,1,1,1,1,1,TRUE
25434,32078,1,?,1,?,1,1,1,1,1,TRUE
58532,63818,1,?,1,?,1,1,1,1,1,TRUE
11420,11421,1,?,0.923076923076923,?,1,1,1,1,1,TRUE
20842,27795,1,?,1,?,1,1,1,1,1,TRUE
86540,88794,1,?,1,?,1,0,1,1,1,TRUE
4674,8441,1,?,1,?,1,1,1,1,1,TRUE
24482,39885,1,?,1,?,1,1,1,1,1,TRUE
95226,95304,1,?,1,?,1,1,1,1,1,TRUE
24688,31468,1,?,1,?,1,1,1,1,1,TRUE
20936,80134,1,?,1,?,1,1,1,1,1,TRUE
20879,54252,1,?,1,?,1,1,1,1,1,TRUE
21138,32885,1,?,1,?,1,1,1,1,1,TRUE
94328,94356,1,?,1,?,1,1,1,1,1,TRUE
82102,82103,1,?,1,?,1,1,1,1,1,TRUE
54824,54912,1,?,1,?,1,1,1,1,1,TRUE
24925,27380,1,?,1,?,1,1,1,1,1,TRUE
5510,11945,1,1,1,?,1,1,1,1,1,TRUE
85905,92162,1,?,1,?,1,1,1,1,0,TRUE
33717,34574,1,?,1,?,1,1,1,1,1,TRUE
2918,4306,1,?,1,?,1,1,1,1,1,TRUE
38621,44930,1,?,1,?,1,1,1,1,1,TRUE
17951,18276,1,?,1,?,1,1,1,1,1,TRUE
171,175,1,?,1,?,1,1,1,1,1,TRUE
30447,50601,1,?,1,?,1,1,1,1,1,TRUE
31458,67251,1,?,1,?,1,1,1,1,1,TRUE
2760,38702,1,?,1,?,1,1,1,1,1,TRUE
29419,38138,1,?,1,?,1,1,1,1,1,TRUE
17894,35515,1,?,1,?,1,1,1,1,1,TRUE
61065,99469,1,?,1,?,1,1,1,1,1,TRUE
47481,90263,1,?,1,?,1,1,1,1,1,TRUE
21711,57493,1,?,1,?,1,1,1,1,1,TRUE
17287,22744,1,?,1,?,1,1,1,1,1,TRUE
16522,59759,1,?,1,?,1,1,1,1,1,TRUE
25398,35288,1,1,1,?,1,1,1,1,1,TRUE
97432,99254,1,?,1,?,1,1,1,1,1,TRUE
46864,48891,1,?,1,?,1,1,1,1,1,TRUE
64225,65335,1,?,1,?,1,1,1,1,1,TRUE
45779,94316,1,?,1,?,1,1,1,1,1,TRUE
76018,76163,1,?,1,?,1,1,1,1,1,TRUE
22356,61618,1,?,1,?,1,1,1,1,1,TRUE
20419,36118,1,?,1,?,1,1,1,1,0,TRUE
23826,65085,0,?,1,?,1,1,1,1,1,TRUE
19981,24931,1,?,1,?,1,1,1,1,1,TRUE
36132,44759,1,?,1,?,1,1,1,1,1,TRUE
26784,45247,1,?,1,?,1,1,1,1,1,TRUE
25333,38019,1,?,1,?,1,1,1,1,1,TRUE
56156,56773,1,?,1,?,1,1,1,1,1,TRUE
2204,2783,1,?,1,?,1,1,1,1,1,TRUE
27630,31624,1,?,1,?,1,1,1,1,1,TRUE
21323,22913,1,?,1,?,1,1,1,1,1,TRUE
8191,92167,1,?,1,?,1,1,1,1,1,TRUE
59857,59861,1,?,1,?,1,1,1,1,1,TRUE
6389,76817,1,?,1,?,1,1,1,1,1,TRUE
9175,9176,1,?,1,?,0,1,1,1,1,TRUE
17529,48504,1,1,1,?,1,1,1,1,1,TRUE
15818,17435,1,1,1,?,1,1,1,1,1,TRUE
21854,38046,1,?,1,?,1,1,1,1,1,TRUE
469,2395,1,1,1,?,1,1,1,1,1,TRUE
34321,49882,1,?,1,?,1,1,1,1,0,TRUE
56767,92361,1,?,1,?,1,1,1,1,1,TRUE
63374,63872,1,?,1,?,1,1,1,1,1,TRUE
57090,57102,1,?,1,?,1,1,1,1,1,TRUE
82498,83478,1,?,1,?,1,1,1,1,1,TRUE
28736,83734,1,?,1,?,1,1,1,1,1,TRUE
24996,47686,1,1,1,?,1,1,1,1,1,TRUE
54905,58039,1,?,1,?,1,1,1,1,1,TRUE
69883,92811,1,?,1,?,1,1,1,1,1,TRUE
45657,49484,1,?,1,?,1,1,1,1,1,TRUE
83867,83868,1,?,1,?,1,1,1,1,1,TRUE
27509,30467,1,?,1,?,1,1,1,1,1,TRUE
84438,92235,1,?,1,?,1,1,1,1,1,TRUE
37874,37875,1,?,1,?,1,1,1,1,1,TRUE
36602,49481,1,?,1,?,1,1,1,1,1,TRUE
18821,20498,1,?,1,?,1,1,1,1,1,TRUE
27759,29777,1,?,1,?,1,1,1,1,1,TRUE
54511,57951,1,1,1,?,1,1,1,1,1,TRUE
63213,90027,1,?,1,?,1,1,1,1,1,TRUE
14851,76283,1,?,1,?,1,1,1,1,1,TRUE
26411,29391,1,?,1,?,1,1,1,1,1,TRUE
12412,40085,1,?,1,?,1,1,1,1,1,TRUE
32153,70347,1,?,1,?,1,1,1,1,0,TRUE
19868,40707,1,?,1,?,1,1,1,1,1,TRUE
23107,60797,1,?,1,?,1,1,1,1,1,TRUE
26391,42564,1,?,1,?,1,1,1,1,1,TRUE
20854,20855,1,?,1,?,1,1,1,1,1,TRUE
33722,46074,1,?,1,?,1,1,1,1,1,TRUE
75523,94687,1,?,1,?,1,1,1,1,1,TRUE
43944,48596,1,?,1,?,1,1,1,1,1,TRUE
2644,30213,1,?,1,?,1,1,1,1,1,TRUE
67983,67985,1,?,1,?,1,1,1,1,1,TRUE
47222,49269,1,?,1,?,1,1,1,1,1,TRUE
21786,48156,1,?,1,?,1,1,1,1,1,TRUE
20385,22076,1,?,1,?,1,1,1,1,1,TRUE
60404,62256,1,?,1,?,1,1,1,1,1,TRUE
53159,54401,1,?,1,?,1,1,1,1,1,TRUE
37317,80774,1,?,1,?,1,1,1,1,1,TRUE
46682,82491,0.888888888888889,?,1,?,1,1,1,1,1,TRUE
30581,66655,1,?,1,?,1,1,1,1,0,TRUE
15918,28652,1,?,1,?,1,1,1,1,1,TRUE
237,256,1,?,1,?,1,1,1,1,1,TRUE
34135,36610,1,?,1,?,1,1,1,1,1,TRUE
58317,63687,1,?,1,?,1,1,1,1,0,TRUE
66149,69400,1,1,1,?,1,1,1,1,1,TRUE
31532,44889,1,?,1,?,1,1,1,1,1,TRUE
93770,94477,1,?,1,?,1,1,1,1,1,TRUE
45164,91906,1,?,1,1,1,1,1,1,1,TRUE
68961,68962,1,1,1,?,1,1,1,1,1,TRUE
34823,39268,1,?,1,?,1,1,1,1,1,TRUE
24873,43411,1,?,1,?,1,1,1,1,1,TRUE
66023,69314,1,?,1,?,1,1,1,1,1,TRUE
16177,21741,1,?,1,?,1,1,1,1,1,TRUE
56288,56602,1,?,1,?,1,1,1,1,1,TRUE
62457,62458,1,?,1,?,1,1,1,1,1,TRUE
68669,68670,1,?,1,?,1,1,1,1,1,TRUE
38831,64391,1,?,1,?,1,1,1,1,1,TRUE
30176,71082,1,?,1,?,1,1,1,1,1,TRUE
2697,4019,1,?,1,?,1,1,1,1,1,TRUE
60038,63882,1,1,1,?,1,1,1,1,0,TRUE
81363,81364,1,?,1,?,1,1,1,1,1,TRUE
17148,44050,1,?,1,?,1,1,1,1,1,TRUE
22263,23867,1,1,1,?,1,1,1,1,1,TRUE
27585,40001,1,?,1,?,1,1,1,1,1,TRUE
21683,50569,1,?,1,?,1,1,1,1,1,TRUE
41172,44833,1,?,1,?,1,1,1,1,1,TRUE
28236,42795,1,?,1,?,1,1,1,1,1,TRUE
86823,86836,1,?,1,?,1,1,1,1,1,TRUE
9263,85266,1,?,1,?,1,1,1,1,1,TRUE
26443,28855,1,?,1,?,1,1,1,1,1,TRUE
25521,55757,1,?,1,?,1,1,1,1,0,TRUE
16839,22717,1,?,1,?,1,1,1,1,1,TRUE
84723,91792,1,?,1,?,1,1,1,1,1,TRUE
71007,71069,1,?,1,?,1,1,1,1,1,TRUE
40266,44549,1,1,1,?,1,1,1,1,1,TRUE
3193,81931,1,?,1,?,1,1,1,1,1,TRUE
2700,5260,1,?,1,?,1,1,1,1,1,TRUE
64307,64309,1,?,1,?,1,1,1,1,1,TRUE
19236,24810,1,?,1,?,1,1,1,1,1,TRUE
2060,3624,1,?,1,?,1,1,1,1,1,TRUE
79996,79997,1,?,1,?,1,1,1,1,1,TRUE
55946,60389,1,?,1,?,1,1,1,1,1,TRUE
6583,72861,1,?,1,?,1,1,1,1,0,TRUE
31206,44047,1,?,1,?,1,1,1,1,1,TRUE
36137,49533,1,?,1,?,1,1,1,1,1,TRUE
16052,25846,1,?,1,?,1,1,1,1,1,TRUE
21186,25184,1,?,1,?,1,1,1,1,1,TRUE
27317,66599,1,?,1,?,1,1,1,1,1,TRUE
27377,67753,1,?,1,?,1,1,1,1,1,TRUE
37622,64398,1,?,1,?,1,1,1,1,1,TRUE
16971,25515,1,?,1,?,1,1,1,1,1,TRUE
39586,74662,1,?,1,?,1,1,1,1,1,TRUE
51860,57906,1,?,1,?,0,1,1,1,1,TRUE
26503,30240,1,1,1,?,1,1,1,1,1,TRUE
23005,29201,1,?,1,?,1,1,1,1,1,TRUE
23604,85030,1,1,1,?,1,1,1,1,1,TRUE
46584,64979,1,?,1,?,1,1,1,1,1,TRUE
84821,84829,1,?,1,?,1,1,1,1,1,TRUE
72659,84440,1,?,1,?,1,1,1,1,1,TRUE
26909,27982,1,?,1,?,1,1,1,1,1,TRUE
56612,56618,1,?,1,?,1,1,1,1,1,TRUE
78074,86885,1,?,1,?,1,1,1,1,1,TRUE
4402,67212,1,?,1,?,1,1,1,1,1,TRUE
36509,38124,1,?,1,?,1,1,1,1,1,TRUE
2157,3618,1,?,1,?,1,1,1,1,1,TRUE
23461,34211,1,1,1,?,1,1,1,1,1,TRUE
34424,46607,1,?,1,?,1,1,1,1,1,TRUE
34416,36823,1,?,1,?,1,1,1,1,1,TRUE
5801,6182,1,?,1,?,1,1,1,1,1,TRUE
22885,25791,1,?,1,?,1,1,1,1,1,TRUE
18311,19457,1,?,1,1,1,1,1,1,1,TRUE
19936,60242,1,?,1,?,1,1,1,1,1,TRUE
11750,14574,1,?,1,?,1,1,1,1,1,TRUE
18184,51081,1,?,1,?,1,1,1,1,1,TRUE
20655,27332,1,?,1,?,1,1,1,1,1,TRUE
1821,8226,1,?,1,?,1,1,1,1,1,TRUE
10262,10446,1,?,1,?,1,1,1,1,1,TRUE
20157,35863,1,?,1,?,1,1,1,1,1,TRUE
70970,72768,1,?,1,?,1,1,1,1,1,TRUE
30941,66066,1,?,1,?,1,1,1,1,0,TRUE
29612,45517,1,?,1,?,1,1,1,1,1,TRUE
58489,62491,1,?,1,?,1,1,1,1,1,TRUE
840,843,1,?,1,?,1,1,1,1,1,TRUE
19174,21841,1,?,1,?,1,1,1,1,1,TRUE
56258,56622,1,?,1,?,1,1,1,1,1,TRUE
3172,8345,1,?,1,?,1,1,1,1,1,TRUE
39702,46895,1,?,1,?,1,1,1,1,1,TRUE
18316,19031,1,?,0.875,?,1,1,1,1,1,TRUE
23582,41127,1,?,1,?,1,1,1,1,1,TRUE
29664,35558,1,?,1,?,1,1,1,1,1,TRUE
81214,90267,1,?,1,?,1,1,1,1,1,TRUE
26669,41100,1,?,1,?,1,1,1,1,1,TRUE
1056,1239,1,?,1,?,1,0,1,1,1,TRUE
1933,58629,1,?,1,?,1,1,1,1,1,TRUE
35381,42350,1,?,1,?,1,1,1,1,1,TRUE
55873,81632,1,?,1,?,1,1,1,1,0,TRUE
16378,20757,1,?,1,?,1,1,1,1,1,TRUE
17529,44066,1,1,1,?,1,1,1,1,1,TRUE
43571,49210,1,?,1,?,1,1,1,1,1,TRUE
31562,61946,1,1,1,?,1,1,1,1,1,TRUE
20699,37692,1,?,1,?,1,1,1,1,1,TRUE
40074,79122,1,?,1,?,1,1,1,1,1,TRUE
30024,71656,1,?,1,?,1,1,1,1,1,TRUE
73551,73601,1,?,1,?,1,1,1,1,1,TRUE
17540,19310,1,?,1,?,1,1,1,1,1,TRUE
96482,96492,1,?,1,?,1,1,1,1,1,TRUE
49062,94168,1,1,1,?,1,1,1,1,1,TRUE
11501,89332,1,?,1,?,1,1,1,1,1,TRUE
45305,96797,1,?,1,?,1,1,1,1,1,TRUE
36171,40894,1,?,1,?,1,1,1,1,1,TRUE
41301,44100,1,?,1,?,1,1,1,1,1,TRUE
30532,37427,1,?,1,?,1,1,1,1,1,TRUE
16015,73086,1,?,1,?,1,1,1,1,1,TRUE
78232,78233,1,?,1,?,1,1,1,1,1,TRUE
37389,38794,1,?,1,?,1,1,1,1,1,TRUE
28412,42341,1,?,1,?,1,1,1,1,1,TRUE
69206,70444,1,?,1,?,1,1,1,1,1,TRUE
30362,77427,1,?,1,?,1,1,1,1,1,TRUE
44741,46452,1,?,1,?,1,1,1,1,1,TRUE
21013,94896,1,1,1,?,1,1,1,1,1,TRUE
40857,87229,1,?,1,?,1,1,1,1,1,TRUE
5244,7846,1,?,1,?,1,1,1,1,1,TRUE
41783,64241,1,?,1,?,1,1,1,1,1,TRUE
71633,71634,1,?,1,?,1,1,1,1,1,TRUE
33571,34721,1,?,1,?,1,1,1,1,1,TRUE
12769,14083,1,?,1,?,1,1,1,1,1,TRUE
11286,94858,1,?,1,?,1,1,1,1,1,TRUE
35706,36376,1,?,1,?,1,1,1,1,1,TRUE
21875,41145,1,?,1,?,1,1,1,1,1,TRUE
2440,20397,1,?,1,?,1,1,1,1,1,TRUE
712,718,1,?,1,?,1,1,1,1,1,TRUE
19799,84004,0.833333333333333,?,0.888888888888889,?,1,1,1,1,1,TRUE
62005,62006,1,?,1,?,1,1,1,1,1,TRUE
12576,12577,1,?,1,?,1,1,1,1,1,TRUE
5607,79036,1,?,1,?,1,1,1,1,1,TRUE
23026,31989,1,?,1,?,1,1,1,1,1,TRUE
71076,73512,1,?,1,?,1,1,1,1,1,TRUE
62630,64206,1,?,1,?,1,1,1,1,1,TRUE
38422,79052,1,?,1,?,1,1,1,1,1,TRUE
51864,57920,1,?,1,?,0,1,1,1,1,TRUE
16983,28235,1,?,1,?,1,1,1,1,1,TRUE
52332,62020,1,?,1,?,1,1,1,1,1,TRUE
58132,58133,1,?,1,?,1,1,1,1,1,TRUE
67491,67539,1,?,1,?,1,1,1,1,1,TRUE
67,11613,1,?,1,?,1,1,1,1,1,TRUE
21057,29394,1,1,1,?,1,1,1,1,1,TRUE
906,90011,1,?,1,?,1,1,1,1,1,TRUE
8972,84365,1,?,1,?,1,1,1,1,1,TRUE
31559,56895,1,?,1,?,1,1,1,1,1,TRUE
13389,93725,1,?,1,?,1,1,1,1,1,TRUE
3649,13838,1,?,1,?,1,1,1,1,1,TRUE
41816,43823,1,1,1,?,1,1,1,1,1,TRUE
72996,96440,1,?,1,?,1,1,1,1,1,TRUE
35408,37910,1,?,1,?,1,1,1,1,1,TRUE
32186,49529,1,?,1,?,1,1,1,1,1,TRUE
2188,2189,1,?,1,?,1,1,1,1,1,TRUE
21697,22879,1,?,1,?,1,1,1,1,1,TRUE
11141,20712,1,?,1,?,1,1,1,1,0,TRUE
56731,62057,1,?,1,?,1,1,1,1,1,TRUE
24761,27346,1,?,1,?,1,1,1,1,1,TRUE
29779,33524,1,?,1,?,1,1,1,1,1,TRUE
21615,24084,1,?,1,?,1,1,1,1,1,TRUE
64006,69236,1,?,1,?,1,1,1,1,1,TRUE
65587,67392,1,?,1,?,1,1,1,1,1,TRUE
34301,42989,1,?,1,?,1,1,1,1,1,TRUE
16408,51707,1,1,1,?,1,1,1,1,1,TRUE
18054,38303,1,?,1,?,1,1,1,1,1,TRUE
39110,47684,1,?,1,?,1,1,1,1,1,TRUE
25499,44077,1,?,1,?,1,1,1,1,1,TRUE
38614,50347,1,?,1,?,1,1,1,1,1,TRUE
34937,80975,1,?,1,?,1,1,1,1,1,TRUE
89644,96716,1,?,1,?,1,1,1,1,1,TRUE
14403,14406,1,?,1,?,1,1,1,1,1,TRUE
36688,42397,1,?,1,?,1,1,1,1,1,TRUE
46393,46394,1,?,1,?,1,1,1,1,1,TRUE
597,736,0.875,?,1,?,1,1,1,1,1,TRUE
27298,27300,1,?,1,?,1,1,1,1,1,TRUE
30429,36465,1,?,1,?,1,1,1,1,1,TRUE
2300,7507,1,?,1,?,1,1,1,1,1,TRUE
22029,74275,1,?,1,?,1,1,1,1,1,TRUE
2491,2497,1,?,1,?,1,1,1,1,1,TRUE
32889,46587,1,?,1,?,1,1,1,1,1,TRUE
33965,81272,1,?,1,?,1,1,1,1,1,TRUE
17382,48008,1,?,1,?,1,1,1,1,1,TRUE
27308,35747,1,?,1,?,1,1,1,1,1,TRUE
38554,52212,1,?,1,?,1,1,1,1,0,TRUE
23407,25092,1,?,1,?,1,1,1,1,1,TRUE
34694,43312,1,?,1,?,1,1,1,1,1,TRUE
14462,14463,1,?,1,?,1,1,1,1,1,TRUE
42238,73473,1,?,1,?,1,1,1,1,1,TRUE
32580,33893,1,?,1,?,1,1,1,1,1,TRUE
24742,34190,1,?,1,?,1,1,1,1,1,TRUE
68921,68922,1,?,1,?,1,1,1,1,1,TRUE
22459,27503,1,?,1,?,1,1,1,1,1,TRUE
6682,9562,1,?,1,?,1,1,1,1,1,TRUE
9853,10417,1,?,1,?,1,1,1,1,1,TRUE
520,2183,1,?,1,?,1,1,1,1,1,TRUE
22830,44092,1,?,1,1,1,1,1,1,1,TRUE
28557,67757,1,?,1,?,1,1,1,1,1,TRUE
53693,75212,1,?,1,?,1,1,1,1,1,TRUE
87951,87956,1,?,1,?,1,1,1,1,1,TRUE
32683,35309,1,?,1,1,1,1,1,1,1,TRUE
25009,62264,1,?,1,?,1,1,1,1,1,TRUE
5221,63226,1,?,1,?,1,1,1,1,1,TRUE
16120,40697,1,?,1,?,1,1,1,1,1,TRUE
5801,13979,0.818181818181818,?,1,?,1,1,1,1,1,TRUE
13152,76252,1,1,1,?,1,1,1,1,1,TRUE
22627,38924,1,?,1,?,1,1,1,1,1,TRUE
61237,81192,1,?,1,?,1,1,1,1,1,TRUE
20709,30407,1,1,1,?,1,1,1,1,1,TRUE
65253,65254,1,?,1,?,1,1,1,1,1,TRUE
16396,39034,1,?,1,1,1,1,1,1,1,TRUE
37933,79325,1,?,1,?,1,1,1,1,1,TRUE
12551,12552,1,?,1,?,1,1,1,1,1,TRUE
12716,95361,1,?,1,?,1,1,1,1,1,TRUE
55594,55595,1,?,1,?,1,1,1,1,1,TRUE
31835,44563,1,?,1,1,1,1,1,1,1,TRUE
22135,40711,1,?,1,?,1,1,1,1,1,TRUE
41311,46124,1,?,1,?,1,1,1,1,1,TRUE
20936,73334,1,?,1,?,1,1,1,1,1,TRUE
32861,72636,1,1,1,?,1,1,1,1,1,TRUE
22779,26349,1,?,1,?,1,1,1,1,1,TRUE
56257,56617,1,?,1,?,1,1,1,1,1,TRUE
48789,57761,1,?,1,?,1,1,1,1,0,TRUE
70716,71181,1,?,1,?,1,1,1,1,1,TRUE
67970,67973,1,?,1,?,1,1,1,1,1,TRUE
41336,82862,1,?,1,?,1,1,1,1,1,TRUE
5172,5173,1,?,1,?,1,1,1,1,1,TRUE
20073,21045,1,?,1,?,1,1,1,1,1,TRUE
19259,29557,1,?,1,?,1,1,1,1,1,TRUE
44450,53998,1,?,1,?,1,1,1,1,1,TRUE
38149,41760,1,?,1,?,1,1,1,1,1,TRUE
6705,9038,1,?,1,?,1,1,1,1,1,TRUE
3318,8473,1,?,1,?,1,1,1,1,1,TRUE
5586,11867,1,?,1,?,1,1,1,1,1,TRUE
57816,69404,1,?,1,?,1,1,1,1,0,TRUE
30321,44211,1,?,1,?,1,1,1,1,1,TRUE
35461,38801,1,?,1,?,1,1,1,1,1,TRUE
33839,38160,1,?,1,?,1,1,1,1,1,TRUE
33083,36898,1,?,1,?,1,1,1,1,1,TRUE
15672,29731,1,?,1,?,1,1,1,1,1,TRUE
21422,24380,1,?,1,?,1,1,1,1,1,TRUE
28642,30796,1,?,1,?,1,1,1,1,1,TRUE
13902,93858,1,?,1,?,1,1,1,1,1,TRUE
40349,78932,1,?,1,?,1,1,1,1,1,TRUE
26782,39607,1,?,1,?,1,1,1,1,1,TRUE
15307,48799,1,1,1,?,1,1,1,1,1,TRUE
18961,24782,1,?,1,?,1,1,1,1,1,TRUE
71953,72160,1,?,1,?,1,1,1,1,1,TRUE
39744,52245,1,?,1,?,1,1,1,1,1,TRUE
25566,27319,1,?,1,?,1,1,1,1,1,TRUE
82035,82036,1,?,1,?,1,1,1,1,1,TRUE
16753,29385,1,?,1,?,1,1,1,1,1,TRUE
26261,54032,1,?,1,?,1,1,1,1,1,TRUE
39851,46237,1,?,1,?,1,1,1,1,1,TRUE
35667,36588,1,?,1,?,1,1,1,1,1,TRUE
39349,49315,1,?,1,?,1,1,1,1,1,TRUE
2836,12619,1,?,1,?,1,1,1,1,1,TRUE
63887,66122,1,?,1,?,1,1,1,1,0,TRUE
16655,17876,1,?,1,?,1,1,1,1,1,TRUE
30036,34413,1,?,1,?,1,1,1,1,1,TRUE
39607,43423,1,?,1,?,1,1,1,1,1,TRUE
17750,20905,1,?,1,?,1,1,1,1,1,TRUE
25038,47763,1,?,1,?,1,1,1,1,1,TRUE
83122,97035,1,?,1,?,0,1,1,1,1,TRUE
17566,22965,1,?,1,?,1,1,1,1,1,TRUE
42184,80784,1,?,1,?,1,1,1,1,1,TRUE
23902,32364,1,?,1,?,1,1,1,1,1,TRUE
51447,53880,1,?,1,?,1,1,1,1,0,TRUE
33985,74742,1,?,1,?,1,1,1,1,1,TRUE
15810,17961,1,?,1,?,1,1,1,1,1,TRUE
38212,84085,1,?,1,?,1,1,1,1,1,TRUE
27296,44771,1,?,1,?,1,1,1,1,1,TRUE
5329,73727,1,1,1,?,1,1,1,1,1,TRUE
9866,13721,1,?,1,?,1,1,1,1,1,TRUE
1419,1423,1,?,1,?,1,1,1,1,1,TRUE
5613,72410,1,?,1,?,1,1,1,1,1,TRUE
90713,90716,1,?,1,?,1,1,1,1,1,TRUE
4833,7092,1,?,0.75,?,1,1,1,1,1,TRUE
25071,49749,1,?,1,?,1,1,1,1,1,TRUE
19048,22155,1,?,1,?,1,1,1,1,1,TRUE
4045,4046,1,?,1,?,1,1,1,1,1,TRUE
29355,43812,1,?,1,?,1,1,1,1,1,TRUE
7726,38074,1,?,1,?,1,1,1,1,1,TRUE
48288,93852,1,?,1,?,1,1,1,1,1,TRUE
51003,51004,1,?,1,?,1,1,1,1,1,TRUE
32707,63697,1,?,1,?,1,1,1,1,0,TRUE
55737,60046,1,?,1,?,1,1,1,1,0,TRUE
30621,32254,1,?,1,?,1,1,1,1,1,TRUE
7525,74588,1,?,1,?,1,1,1,1,1,TRUE
48490,49367,1,?,1,?,1,1,1,1,1,TRUE
42247,90528,1,?,1,?,1,1,1,1,1,TRUE
45037,46462,1,?,1,?,1,1,1,1,1,TRUE
35305,69564,0.8,?,1,?,1,1,1,1,1,TRUE
26209,41153,1,?,1,?,1,1,1,1,1,TRUE
19437,74432,0.888888888888889,?,1,?,1,1,1,1,1,TRUE
279,10025,1,?,1,?,1,1,1,1,1,TRUE
52135,52423,1,?,1,?,1,1,1,1,1,TRUE
906,63808,1,?,1,?,1,1,1,1,1,TRUE
30476,90260,1,?,1,?,1,1,1,1,1,TRUE
20853,46027,1,1,1,?,1,1,1,1,1,TRUE
68640,68641,1,?,1,?,1,1,1,1,1,TRUE
16306,36465,1,?,1,?,1,1,1,1,1,TRUE
93075,93076,1,?,1,?,1,1,1,1,1,TRUE
24827,38525,1,?,1,?,1,1,1,1,1,TRUE
52615,52849,1,?,1,1,1,1,1,1,1,TRUE
27980,27981,1,?,1,?,1,1,1,1,1,TRUE
93357,93371,1,?,1,?,1,1,1,1,1,TRUE
45028,46454,1,?,1,?,1,1,1,1,1,TRUE
28876,31351,1,?,1,?,1,1,1,1,1,TRUE
16823,42831,1,?,1,?,1,1,1,1,1,TRUE
16781,16782,1,?,1,?,1,1,1,1,1,TRUE
25588,27186,1,?,1,?,1,1,1,1,1,TRUE
7713,84996,1,?,1,?,1,1,1,1,1,TRUE
4602,69545,1,?,1,1,1,1,1,1,1,TRUE
62940,62942,1,?,1,?,1,1,1,1,1,TRUE
28017,59968,1,?,1,?,1,1,1,1,0,TRUE
15539,29108,1,1,1,?,1,1,1,1,1,TRUE
9253,85230,1,1,1,?,1,1,1,1,1,TRUE
53723,60260,1,?,1,?,1,1,1,1,1,TRUE
40663,49858,1,?,1,?,1,1,1,1,1,TRUE
22860,27741,1,?,1,?,1,1,1,1,1,TRUE
25543,28078,1,?,1,?,1,1,1,1,1,TRUE
39988,47445,1,?,1,?,1,1,1,1,1,TRUE
38640,75380,1,?,1,?,1,1,1,1,1,TRUE
29951,42361,1,?,1,?,1,1,1,1,1,TRUE
75379,76069,1,?,1,?,1,1,1,1,1,TRUE
16888,26747,1,?,1,?,1,1,1,1,1,TRUE
14125,61169,1,?,1,?,1,1,1,1,1,TRUE
18958,28411,1,?,1,?,1,1,1,1,1,TRUE
53390,96528,1,?,1,?,1,1,1,1,1,TRUE
32380,36273,1,?,1,?,1,1,1,1,1,TRUE
5571,29071,1,?,1,?,1,1,1,1,1,TRUE
44149,45928,1,?,1,?,1,1,1,1,1,TRUE
39627,48592,1,1,1,?,1,1,1,1,1,TRUE
26905,38215,1,?,1,?,1,1,1,1,1,TRUE
47606,77691,1,?,1,?,1,1,1,1,1,TRUE
36354,43795,1,?,1,?,1,1,1,1,1,TRUE
29104,39197,1,?,1,?,1,1,1,1,1,TRUE
25077,27014,1,?,1,?,1,1,1,1,1,TRUE
6075,75650,1,?,1,?,1,1,1,1,1,TRUE
8242,75945,1,?,1,?,1,1,1,1,1,TRUE
17167,22089,1,?,1,?,1,1,1,1,1,TRUE
33865,51110,1,?,1,?,1,1,1,1,1,TRUE
24200,44765,1,?,1,?,1,1,1,1,1,TRUE
30406,32710,1,?,1,?,1,1,1,1,1,TRUE
3081,5522,1,?,1,?,1,1,1,1,1,TRUE
20203,47015,1,?,1,?,1,1,1,1,1,TRUE
40343,45900,1,?,1,?,1,1,1,1,1,TRUE
83394,83395,1,?,1,?,1,1,1,1,1,TRUE
26543,47197,1,?,1,?,1,1,1,1,1,TRUE
23983,37910,1,?,1,?,1,1,1,1,1,TRUE
39684,77682,1,?,1,?,1,1,1,1,1,TRUE
16478,25294,1,?,1,?,1,1,1,1,1,TRUE
32764,69294,1,?,1,?,1,1,1,1,0,TRUE
21071,23879,1,?,1,?,1,1,1,1,1,TRUE
34949,59324,1,?,1,?,1,1,1,1,1,TRUE
25333,34983,1,?,1,?,1,1,1,1,1,TRUE
56709,57000,1,?,1,?,1,1,1,1,1,TRUE
24005,56806,1,?,1,?,1,1,1,1,1,TRUE
60126,63453,1,?,1,?,1,1,1,1,0,TRUE
6355,69383,1,1,1,?,1,1,1,1,1,TRUE
16132,16995,1,?,1,?,1,1,1,1,1,TRUE
17903,28885,1,1,1,?,1,1,1,1,1,TRUE
15687,42949,1,?,1,?,1,1,1,1,1,TRUE
55788,56359,1,?,1,?,1,1,1,1,1,TRUE
276,281,1,?,1,?,1,1,1,1,1,TRUE
41365,86005,1,?,1,?,1,1,1,1,1,TRUE
57036,69423,1,?,1,?,1,1,1,1,0,TRUE
27186,60839,1,?,1,?,1,1,1,1,1,TRUE
57409,78063,1,?,1,?,1,1,1,1,1,TRUE
27494,66624,1,?,1,?,1,1,1,1,0,TRUE
38452,64733,1,?,1,?,1,1,1,1,1,TRUE
71061,73496,1,?,1,?,1,1,1,1,1,TRUE
39702,49580,1,?,1,?,1,1,1,1,1,TRUE
26519,56384,1,?,1,?,1,1,1,1,1,TRUE
71307,71316,1,?,1,?,1,1,1,1,1,TRUE
62869,67675,1,?,1,?,1,1,1,1,1,TRUE
20839,61071,1,?,1,?,1,1,1,1,1,TRUE
12744,12745,1,?,1,?,1,1,1,1,1,TRUE
28607,31292,1,?,1,?,1,1,1,1,1,TRUE
16378,39613,1,?,1,?,1,1,1,1,1,TRUE
18624,53196,1,?,1,1,1,1,1,1,1,TRUE
26695,36574,1,?,1,?,1,1,1,1,1,TRUE
15119,50151,1,?,1,?,1,1,1,1,1,TRUE
17873,25821,1,?,1,?,1,1,1,1,1,TRUE
26865,35413,1,?,1,?,1,1,1,1,1,TRUE
33075,45561,1,?,1,?,1,1,1,1,1,TRUE
24810,60661,1,?,1,?,1,1,1,1,1,TRUE
68896,68897,1,?,1,?,1,1,1,1,1,TRUE
34083,83716,1,?,1,?,1,1,1,1,1,TRUE
6585,9842,1,?,1,?,1,1,1,1,1,TRUE
34401,37837,1,?,1,?,1,1,1,1,1,TRUE
31801,39248,1,?,1,?,1,1,1,1,1,TRUE
19102,33215,1,?,1,?,1,1,1,1,1,TRUE
7993,86164,1,?,1,?,1,1,1,1,1,TRUE
25422,39604,1,?,1,?,1,1,1,1,1,TRUE
27889,34329,1,?,1,?,1,1,1,1,1,TRUE
32871,43930,1,1,1,?,1,1,1,1,1,TRUE
19717,27127,1,?,1,?,1,1,1,1,1,TRUE
9464,9465,1,?,1,?,1,1,1,1,1,TRUE
24358,45536,1,?,1,?,1,1,1,1,1,TRUE
42660,84992,1,?,1,?,1,1,1,1,1,TRUE
46182,58223,1,?,1,?,1,1,1,1,1,TRUE
28307,29605,1,?,1,?,1,1,1,1,1,TRUE
60036,69279,1,?,1,?,1,1,1,1,1,TRUE
22931,60354,1,?,1,?,1,1,1,1,1,TRUE
4308,10887,1,?,1,?,1,1,1,1,1,TRUE
18534,26384,1,?,1,?,1,1,1,1,1,TRUE
32763,42711,1,?,1,?,1,1,1,1,1,TRUE
36727,40362,1,?,1,?,1,1,1,1,1,TRUE
23277,28961,1,?,1,?,1,1,1,1,1,TRUE
59463,86741,1,?,1,?,1,1,1,1,1,TRUE
17725,19301,1,1,1,?,1,1,1,1,1,TRUE
24518,27267,1,?,1,?,1,1,1,1,1,TRUE
53183,57326,1,?,1,?,1,1,1,1,1,TRUE
3327,74373,1,?,1,?,1,1,1,1,1,TRUE
23512,32518,1,?,1,?,1,1,1,1,1,TRUE
76288,90354,1,?,1,?,1,1,1,1,1,TRUE
9736,93062,1,?,1,?,1,1,1,1,1,TRUE
41067,46056,1,?,1,?,1,1,1,1,1,TRUE
97974,97992,1,?,1,?,1,1,1,1,1,TRUE
75295,77345,1,?,1,?,1,1,1,1,1,TRUE
65985,69281,1,?,1,?,1,1,1,1,1,TRUE
6484,96587,1,?,1,?,1,1,1,0,1,TRUE
15048,50086,1,?,1,?,0,1,1,1,1,TRUE
33871,60724,1,?,1,?,1,1,1,1,1,TRUE
21747,24586,1,?,1,?,1,1,1,1,1,TRUE
81819,81820,1,?,1,1,1,1,1,1,1,TRUE
61905,63343,1,?,1,?,1,1,1,1,1,TRUE
14661,86559,1,?,0.9,?,1,1,1,1,1,TRUE
21040,29201,1,?,1,?,1,1,1,1,1,TRUE
32855,43844,1,?,1,?,1,1,1,1,1,TRUE
31654,49634,1,?,1,?,1,1,1,1,1,TRUE
32657,43718,1,?,1,?,1,1,1,1,1,TRUE
16454,40007,1,?,1,?,1,1,1,1,1,TRUE
64014,69303,1,?,1,?,1,1,1,1,0,TRUE
34540,41327,1,?,1,?,1,1,1,1,1,TRUE
43572,46828,1,?,1,?,1,1,1,1,1,TRUE
12215,77454,1,?,1,?,1,1,1,1,1,TRUE
43686,49498,1,?,1,?,1,1,1,1,1,TRUE
31244,75312,1,?,1,?,1,1,1,1,1,TRUE
9238,89768,1,?,1,?,1,1,1,1,1,TRUE
93769,94477,1,?,1,?,1,1,1,1,1,TRUE
39349,43817,1,?,1,?,1,1,1,1,1,TRUE
52437,52462,1,?,1,?,1,1,1,1,0,TRUE
20791,70361,1,?,1,?,1,1,1,1,1,TRUE
12694,12695,1,?,1,?,1,1,1,1,1,TRUE
34159,38166,1,?,1,?,1,1,1,1,1,TRUE
47494,98855,1,?,1,?,1,1,1,1,1,TRUE
29469,34085,1,?,1,?,1,1,1,1,1,TRUE
21308,57753,1,?,1,?,1,1,1,1,1,TRUE
97878,98540,1,?,1,?,1,1,1,1,1,TRUE
11252,85246,1,?,1,?,1,1,1,1,1,TRUE
37391,49849,1,?,1,?,1,1,1,1,1,TRUE
81280,81309,1,?,1,?,1,1,1,1,1,TRUE
58997,58998,1,?,1,?,1,1,1,1,1,TRUE
8629,9948,1,?,1,?,1,1,1,1,1,TRUE
72757,72758,1,?,1,?,1,1,1,1,1,TRUE
44861,46826,1,?,1,?,1,1,1,1,1,TRUE
42196,85526,1,?,1,?,1,1,1,1,1,TRUE
86189,86192,1,?,1,?,1,1,1,1,1,TRUE
46925,66679,1,?,1,?,1,1,1,1,0,TRUE
29565,37883,1,?,1,?,1,1,1,1,1,TRUE
26637,49048,1,?,1,?,1,1,1,1,1,TRUE
26811,32460,1,?,1,?,1,1,1,1,1,TRUE
42052,99591,1,?,1,?,1,1,1,1,1,TRUE
30664,46578,1,?,1,1,1,1,1,1,1,TRUE
24972,33418,1,?,1,?,1,1,1,1,1,TRUE
21060,46042,1,?,1,?,1,1,1,1,0,TRUE
82731,85413,1,?,1,?,1,1,1,1,1,TRUE
33646,83655,1,?,1,?,0,1,1,1,0,TRUE
21855,36336,1,1,1,?,1,1,1,1,1,TRUE
18963,28601,1,?,1,?,1,1,1,1,1,TRUE
49793,57772,1,?,1,?,1,1,1,1,1,TRUE
44161,49297,1,?,1,?,1,1,1,1,1,TRUE
13226,14814,1,?,1,?,1,1,1,1,1,TRUE
51803,51804,1,?,1,?,1,1,1,1,1,TRUE
20310,30619,1,?,1,?,1,1,1,1,1,TRUE
18160,33246,1,?,1,?,1,1,1,1,1,TRUE
65845,65851,1,?,1,?,1,1,1,1,1,TRUE
17164,40701,1,?,1,?,1,1,1,1,1,TRUE
29620,38124,1,?,1,?,1,1,1,1,1,TRUE
23326,48780,1,?,1,?,1,1,1,1,1,TRUE
21685,74432,0.888888888888889,?,1,?,1,1,1,1,1,TRUE
12250,12361,1,?,1,?,1,1,1,1,1,TRUE
22637,52379,1,?,1,?,1,1,1,1,1,TRUE
82075,82076,1,?,1,?,1,1,1,1,1,TRUE
46254,59754,1,?,1,?,1,1,1,1,1,TRUE
26802,64387,1,?,1,?,1,1,1,1,1,TRUE
19034,43837,1,?,1,?,1,1,1,1,1,TRUE
41370,42161,1,?,1,?,1,1,1,1,1,TRUE
35327,47055,1,?,1,?,1,1,1,1,1,TRUE
50928,50929,1,?,1,?,1,1,1,1,1,TRUE
86259,86260,1,?,1,?,1,1,1,1,1,TRUE
31413,39918,1,?,1,?,1,1,1,1,1,TRUE
25518,31391,1,?,1,?,1,1,1,1,1,TRUE
18033,30504,1,?,1,?,1,1,1,1,1,TRUE
87985,87990,1,?,1,?,1,1,1,1,1,TRUE
22128,23052,1,1,1,?,1,1,1,1,1,TRUE
28910,32363,1,?,1,?,1,1,1,1,1,TRUE
90239,91588,1,?,1,?,1,1,1,1,1,TRUE
24369,31627,1,?,1,?,1,1,1,1,1,TRUE
27525,29593,1,1,1,?,1,1,1,1,1,TRUE
38456,44565,1,?,1,1,1,1,1,1,1,TRUE
